loc_x,loc_y,mag_x,mag_y,mag_z
,,,,
32,45.7,-29.56473,2.398071414,-17.58912
,,,,
32,44.5,-5.712758116,18.96291884,18.61895362
,,,,
32,43.3,-23.74008,6.030578286,-45.80549
,,,,
32,42.1,-7.867697101,12.52253188,-15.23864348
,,,,
32,40.9,-34.56604928,-0.312384786,-46.03488116
,,,,
32,39.7,-16.53161143,20.18491857,-21.36472714
,,,,
32,38.5,-22.50746522,25.40968406,-38.9715
,,,,
32,37.3,-30.16288841,0.2580944,-37.69918116
,,,,
32,36.1,-3.630153,1.611131486,-10.22894614
,,,,
32,34.9,-35.28817429,11.8581,-46.60085
,,,,
32,33.7,-21.88917101,-14.02815797,-31.34898261
,,,,
32,32.5,-17.24456429,-2.211456857,-17.48600429
,,,,
32,31.3,-26.84202,9.438693857,-54.59878143
,,,,
32,30.1,-25.70708,-16.89478857,-33.38544714
,,,,
32,28.9,-8.613695362,-8.009315797,-0.566344226
,,,,
32,27.7,-12.83714928,21.25104493,-49.29776232
,,,,
32,26.5,-17.23438286,-12.85095,-53.39619857
,,,,
32,25.3,-14.06228,15.60247,-54.65252857
,,,,
32,24.1,-29.66572429,-18.17219286,-43.83334
,,,,
32,22.9,-30.61268841,5.120739275,-58.40093188
,,,,
32,21.7,-45.47577,-6.508680429,-2.143206129
,,,,
32,20.5,-5.787835797,0.476715647,20.71524638
,,,,
32,19.3,-32.42178841,-13.67136957,-31.25098841
,,,,
32,18.1,-38.42603429,6.223231714,5.932181286
,,,,
32,16.9,-29.24935493,-11.0738162,-40.57189859
,,,,
32,15.7,-21.47613714,-5.444336143,-20.25828714
,,,,
32,14.5,-17.19768,1.107112529,-45.79962714
,,,,
32,13.3,-28.22674366,13.09042958,-26.38867746
,,,,
32,12.1,-24.80338143,0.213753879,-24.71003714
,,,,
32,10.9,-32.7994087,15.12988406,-52.56588696
,,,,
32,9.7,-23.50457571,-8.986990857,-44.07673
,,,,
32.9,9.7,-26.56817887,3.640510423,-27.55201972
,,,,
32.9,10.9,-31.51020429,-2.800205714,-35.91548714
,,,,
32.9,12.1,-26.08867429,6.662074143,-25.98522
,,,,
32.9,13.3,-27.42584,-1.681235314,-38.79356857
,,,,
32.9,14.5,-32.96288116,24.12087391,-19.17133623
,,,,
32.9,15.7,-34.48808714,4.212232714,-43.22848143
,,,,
32.9,16.9,-9.439242319,-4.707402899,12.8182913
,,,,
32.9,18.1,-30.68089143,-3.029610571,-32.02970571
,,,,
32.9,19.3,-11.90006714,9.159571,-20.46057429
,,,,
32.9,20.5,-41.01511739,3.338866232,-47.61958261
,,,,
32.9,21.7,-39.15222714,6.928645143,-9.924969571
,,,,
32.9,22.9,-39.36107887,15.0413169,-39.41835634
,,,,
32.9,24.1,-21.65308028,24.7532662,-47.81069155
,,,,
32.9,25.3,-14.47756087,-5.764106957,-54.02358696
,,,,
32.9,26.5,-31.91960282,19.15177465,-34.30930423
,,,,
32.9,27.7,-23.17368,21.25499143,-51.47406429
,,,,
32.9,28.9,-15.46689429,-3.791023714,-42.64262429
,,,,
32.9,30.1,-12.68898529,25.91324265,-19.72492647
,,,,
32.9,31.3,-37.66684714,-6.043222,-13.94324571
,,,,
32.9,32.5,-21.63816901,-0.603474379,-23.4197493
,,,,
32.9,33.7,-28.51460435,-6.827202174,-24.86717826
,,,,
32.9,34.9,-32.75592857,-2.189353457,-49.70692
,,,,
32.9,36.1,-23.77465217,-3.710892464,-28.57652319
,,,,
32.9,37.3,-11.16348362,-20.52574203,-15.3581
,,,,
32.9,38.5,-34.70892609,2.726546812,-46.28565072
,,,,
32.9,39.7,-17.07823,0.735015973,-50.84593
,,,,
32.9,40.9,-22.99349,0.002528651,-34.51850143
,,,,
32.9,42.1,-24.46260714,12.46054571,-58.55713286
,,,,
32.9,43.3,-31.55598286,14.02683714,-29.88972286
,,,,
32.9,44.5,-34.51203913,4.456671449,-46.11153188
,,,,
32.9,45.7,-28.46470286,16.37052286,-17.65877429
,,,,
33.8,45.7,-29.61741857,11.96225857,-47.93613714
,,,,
33.8,44.5,-13.82903714,9.183414571,-39.02371857
,,,,
33.8,43.3,-28.95876111,0.328106296,-25.26111528
,,,,
33.8,42.1,-29.91158571,15.94387,-17.44722857
,,,,
33.8,40.9,-35.94135857,9.180668286,-51.8886
,,,,
33.8,39.7,-21.17253286,11.54639471,-26.03111429
,,,,
33.8,38.5,-32.04773143,17.99968143,-6.514369286
,,,,
33.8,37.3,-25.39498286,-13.19761571,-57.04170857
,,,,
33.8,36.1,-40.27485571,-5.161264,-14.57397143
,,,,
33.8,34.9,-31.28729429,2.216535771,-20.72063143
,,,,
33.8,33.7,-5.549315571,23.91131571,-27.20760143
,,,,
33.8,32.5,-12.5088,-11.93867681,-40.92341159
,,,,
33.8,31.3,-20.2832913,-5.759993623,0.098452325
,,,,
33.8,30.1,-26.26097246,20.32945797,-39.28382319
,,,,
33.8,28.9,-30.88583857,11.48077714,-40.01516286
,,,,
33.8,27.7,-21.93742857,22.58712857,-39.98157857
,,,,
33.8,26.5,-15.21327857,23.37299571,-40.61695714
,,,,
33.8,25.3,-34.86660845,16.10464225,-24.51434225
,,,,
33.8,24.1,-10.30112171,-14.53968571,-33.71099714
,,,,
33.8,22.9,-16.883,26.65250286,-16.99179714
,,,,
33.8,21.7,-26.97025857,7.712816857,-55.52220429
,,,,
33.8,20.5,-29.00237714,-4.235033286,-47.36589429
,,,,
33.8,19.3,-34.68428857,4.419686286,-29.84475143
,,,,
33.8,18.1,-25.73433944,18.21454225,-32.13959296
,,,,
33.8,16.9,-18.27203239,1.070801831,-64.64542958
,,,,
33.8,15.7,-47.82556,-7.479989286,-27.74366
,,,,
33.8,14.5,-28.45679286,12.15883286,-18.64619571
,,,,
33.8,13.3,-16.21453286,10.57233014,-22.35816429
,,,,
33.8,12.1,-28.09056522,-4.203132464,-31.36242754
,,,,
33.8,10.9,-14.85404286,9.576762714,-18.21885857
,,,,
33.8,9.7,-38.66542958,16.66408028,-47.28335915
,,,,
34.7,9.7,-28.86127246,-4.134357391,-21.56714928
,,,,
34.7,10.9,-10.63611886,-2.052176886,8.068390286
,,,,
34.7,12.1,-36.59998261,-9.280971884,-27.07685507
,,,,
34.7,13.3,-29.61056232,2.334240739,-2.633423478
,,,,
34.7,14.5,-17.26881884,8.440697391,-9.457264638
,,,,
34.7,15.7,-21.63934789,-6.206931831,-20.26119859
,,,,
34.7,16.9,-30.4004338,9.010873521,-38.73286901
,,,,
34.7,18.1,-34.67254783,-3.976572899,-34.69244928
,,,,
34.7,19.3,-20.75831429,-6.158316714,-35.22059714
,,,,
34.7,20.5,-14.72497714,-15.23368,-27.58704
,,,,
34.7,21.7,-40.10214286,16.57170429,-33.02961286
,,,,
34.7,22.9,-9.949228,28.68752429,-15.54661714
,,,,
34.7,24.1,-43.99685143,-5.907505286,3.687613286
,,,,
34.7,25.3,-32.97096618,17.07048235,-47.68432206
,,,,
34.7,26.5,-27.22577857,15.28798286,-45.40862714
,,,,
34.7,27.7,-39.51211618,-15.09729265,-33.91611176
,,,,
34.7,28.9,-13.27492609,5.158222319,-46.42963623
,,,,
34.7,30.1,-20.78299286,8.248443429,-22.46355286
,,,,
34.7,31.3,-10.21573879,15.07778333,-1.721445833
,,,,
34.7,32.5,-23.20059429,13.58453429,-42.91263571
,,,,
34.7,33.7,-25.77306522,0.8646867,-47.37296812
,,,,
34.7,34.9,-27.93922817,7.882131972,-39.40526056
,,,,
34.7,36.1,-17.79877,0.000130719,-27.87604
,,,,
34.7,37.3,-30.69258676,0.075284205,-34.32798824
,,,,
34.7,38.5,-12.87866,1.24446225,-38.80149714
,,,,
34.7,39.7,-12.40870571,31.55016571,-32.50930857
,,,,
34.7,40.9,-10.52011565,23.75839855,-2.439172609
,,,,
34.7,42.1,-23.42709718,-13.15181127,-35.32841408
,,,,
34.7,43.3,-34.65620435,-3.268013043,27.34047971
,,,,
34.7,44.5,-19.11404085,16.66898028,-31.38446901
,,,,
34.7,45.7,-31.08206522,-1.524153555,-56.2402971
,,,,
35.6,45.7,-26.08666232,-9.146848551,-42.84787536
,,,,
35.6,44.5,-19.27453857,6.301858,-21.29224286
,,,,
35.6,43.3,-25.13071739,7.316478696,-46.16071159
,,,,
35.6,42.1,-30.45974783,13.38359565,-18.56218841
,,,,
35.6,40.9,-21.3918913,7.250733478,-51.41705217
,,,,
35.6,39.7,-28.80126714,21.67822571,30.14109714
,,,,
35.6,38.5,-23.93565714,12.79698286,-39.44469
,,,,
35.6,37.3,-19.45086522,12.85551014,-50.97048261
,,,,
35.6,36.1,-27.17296143,0.231977152,-17.26719429
,,,,
35.6,34.9,-24.14246087,17.35573913,-20.65756667
,,,,
35.6,33.7,-14.51738551,-17.34836377,-25.09391739
,,,,
35.6,32.5,-10.34309197,8.359710563,-48.50606056
,,,,
35.6,31.3,-27.81420429,-8.158634571,-27.65196143
,,,,
35.6,30.1,-26.54103286,2.9212952,-48.69954
,,,,
35.6,28.9,-29.86020714,18.50830143,-15.18474
,,,,
35.6,27.7,-23.39028571,-2.651128157,-30.56854714
,,,,
35.6,26.5,-8.369579853,12.39673824,-11.64459059
,,,,
35.6,25.3,-19.85829571,-3.161665429,-25.90077
,,,,
35.6,24.1,-13.34051594,0.611810836,-41.75607391
,,,,
35.6,22.9,-17.07532571,-1.034698341,7.943682286
,,,,
35.6,21.7,-15.83498088,1.102290731,-28.20311176
,,,,
35.6,20.5,-37.85287,-9.083642143,14.19572714
,,,,
35.6,19.3,-24.98084143,-11.97001857,-41.86309714
,,,,
35.6,18.1,-28.53640563,17.49110704,-38.64316761
,,,,
35.6,16.9,-12.38151143,23.47246857,-23.15503143
,,,,
35.6,15.7,-9.682471449,-2.106641464,-14.51407101
,,,,
35.6,14.5,-18.77815652,9.750476522,-59.03837971
,,,,
35.6,13.3,-47.30774928,-11.19201812,-13.01689565
,,,,
35.6,12.1,-14.6141,2.301990294,-37.30998529
,,,,
35.6,10.9,-28.56624286,-2.324654757,-56.44875286
,,,,
35.6,9.7,-39.94739571,-0.780682966,-30.62890571
,,,,
36.5,9.7,-39.16144058,0.252101784,-44.76946667
,,,,
36.5,10.9,-25.47176912,-19.96172794,-42.11367353
,,,,
36.5,12.1,-8.581630429,0.76987139,-22.68868571
,,,,
36.5,13.3,-44.40506812,-4.41733087,-3.484178116
,,,,
36.5,14.5,-4.329288857,-3.605564857,-14.15294143
,,,,
36.5,15.7,-17.17540429,6.020573,-38.12696286
,,,,
36.5,16.9,-10.91640522,0.481978713,-28.21987536
,,,,
36.5,18.1,-17.02162857,14.67978286,1.462249634
,,,,
36.5,19.3,-24.26417391,-7.255376812,-33.93125507
,,,,
36.5,20.5,-27.81139565,16.75616377,-33.27404348
,,,,
36.5,21.7,-16.41707857,16.76976143,1.612417871
,,,,
36.5,22.9,-45.10285797,1.179061783,-31.57751014
,,,,
36.5,24.1,-22.51783478,-1.402725117,-44.79392319
,,,,
36.5,25.3,-34.88872429,17.79745857,-30.35267571
,,,,
36.5,26.5,-26.95155714,-15.38018429,-12.51113714
,,,,
36.5,27.7,-33.96772319,2.462636087,-34.32811594
,,,,
36.5,28.9,-8.322917681,-23.73431884,-23.92223913
,,,,
36.5,30.1,-18.48243623,3.483337826,-39.35615942
,,,,
36.5,31.3,-21.84131739,-6.898011594,-39.7119942
,,,,
36.5,32.5,-10.46443686,-14.63738714,-44.66674571
,,,,
36.5,33.7,-13.91243188,-8.501268841,-38.60027246
,,,,
36.5,34.9,-15.79777429,15.15742429,-29.91969714
,,,,
36.5,36.1,-39.56083286,-10.38783443,-12.77632
,,,,
36.5,37.3,-26.33832899,-11.14643899,-27.45455072
,,,,
36.5,38.5,-27.79728714,-6.720014143,1.169085029
,,,,
36.5,39.7,-21.54926087,1.912434812,-43.25875652
,,,,
36.5,40.9,-8.994765,-7.111874559,-11.72810882
,,,,
36.5,42.1,-27.72195143,-7.928553857,-30.8027
,,,,
36.5,43.3,-31.47526143,11.34562943,-40.02786
,,,,
36.5,44.5,-11.10397386,7.872793286,-11.67911429
,,,,
36.5,45.7,-17.73084928,22.2041913,-53.46465362
,,,,
37.4,45.7,-17.11656857,12.16399714,-32.69236857
,,,,
37.4,44.5,-30.36647101,-7.651950725,-51.03586957
,,,,
37.4,43.3,-32.50972143,17.63503857,-31.41825857
,,,,
37.4,42.1,-17.24188143,6.033825857,-34.73283857
,,,,
37.4,40.9,-27.38073714,20.37861714,-28.47827714
,,,,
37.4,39.7,-38.17694638,-12.4860058,-13.76088841
,,,,
37.4,38.5,-30.69399571,13.51401286,-21.29608429
,,,,
37.4,37.3,-39.73335942,-8.223491884,-23.4178
,,,,
37.4,36.1,-36.21643429,-3.020956571,-44.64475143
,,,,
37.4,34.9,-14.35370294,3.594814118,-33.649725
,,,,
37.4,33.7,-21.6759029,15.67069275,-38.22817971
,,,,
37.4,32.5,-26.98568857,-3.032401143,-51.53315571
,,,,
37.4,31.3,-16.80901594,-6.236554058,-27.25181884
,,,,
37.4,30.1,-17.75969714,18.55364571,-53.60465
,,,,
37.4,28.9,-18.27841286,-13.70317429,-18.03180571
,,,,
37.4,27.7,-11.6900642,-7.291622319,2.582649609
,,,,
37.4,26.5,-28.54265429,-12.02721143,-48.23074
,,,,
37.4,25.3,-21.59765441,6.825996765,-51.95814853
,,,,
37.4,24.1,-24.13528,3.973367,-4.974430714
,,,,
37.4,22.9,-29.06100435,20.96334348,-25.58567681
,,,,
37.4,21.7,-14.53388571,-21.26711,-34.37853286
,,,,
37.4,20.5,-32.38593913,1.443680925,-33.31227826
,,,,
37.4,19.3,-23.91440714,20.13519429,-46.16998
,,,,
37.4,18.1,-27.71878286,-6.936492429,-37.45999714
,,,,
37.4,16.9,-28.46683857,-8.064160857,-59.27755571
,,,,
37.4,15.7,-10.75972435,12.46008522,-36.36740725
,,,,
37.4,14.5,-19.35152319,-9.780993768,-45.60168551
,,,,
37.4,13.3,-14.77853913,-4.776642319,3.479092319
,,,,
37.4,12.1,-18.36711286,5.903516,-56.75953714
,,,,
37.4,10.9,-19.24376338,15.12497606,-33.11152676
,,,,
37.4,9.7,-8.787689286,15.89575714,-32.68805143
,,,,
38.3,45.7,-22.40746423,11.44310547,-58.30680876
,,,,
38.3,44.5,-38.37284741,0.599930467,-42.45509556
,,,,
38.3,43.3,-25.08418222,-2.530879289,-60.24051111
,,,,
38.3,42.1,-30.04406716,17.01751194,-63.99834104
,,,,
38.3,40.9,-25.11179559,-3.102212721,-59.74270735
,,,,
38.3,39.7,-24.77076742,-3.955008485,-43.45102197
,,,,
38.3,38.5,-30.56603407,-8.393272074,-47.37404148
,,,,
38.3,37.3,-21.4156125,-6.214927132,-51.51675882
,,,,
38.3,36.1,-22.94717926,-5.448608815,-48.91121333
,,,,
38.3,34.9,-27.60476471,15.15772206,-47.42933897
,,,,
38.3,33.7,-30.17543556,17.54359704,-7.184628963
,,,,
38.3,32.5,-27.68388657,-0.344609454,-60.37006642
,,,,
38.3,31.3,-40.89952482,51.57402336,-41.35991679
,,,,
38.3,30.1,-24.8617763,6.634148667,-61.22632815
,,,,
38.3,28.9,-43.13517273,-14.98992045,-54.92481212
,,,,
38.3,27.7,-20.12570075,4.591587895,-50.55773609
,,,,
38.3,26.5,-21.98130741,23.27201481,-56.08743778
,,,,
38.3,25.3,-21.45120902,7.241660827,-56.20388947
,,,,
38.3,24.1,-32.15109179,11.7371403,-26.39342388
,,,,
38.3,22.9,-37.49232443,11.75169008,-20.55728244
,,,,
38.3,21.7,-13.59483433,-6.492273507,-46.44556866
,,,,
38.3,20.5,-21.85837669,35.03584511,-8.580681955
,,,,
38.3,19.3,-20.29509925,-8.012665263,-58.97782481
,,,,
38.3,18.1,-22.87905735,-5.134571397,-55.63166103
,,,,
38.3,16.9,-39.69767761,-9.822002985,-28.58850149
,,,,
38.3,15.7,-18.96732444,-12.77436222,-44.89223037
,,,,
38.3,14.5,-23.28822388,-5.242942537,-55.19967015
,,,,
38.3,13.3,-29.89837537,-6.763218657,-66.46928209
,,,,
38.3,12.1,-25.38342444,10.64337341,-48.37046444
,,,,
38.3,10.9,-64.6762218,15.33253759,-28.7231797
,,,,
38.3,9.7,-26.0162562,-9.533066715,-50.2482438
,,,,
39.2,9.7,-28.38958881,14.20271343,-38.14799925
,,,,
39.2,10.9,-29.70087557,-1.104444763,-52.40951374
,,,,
39.2,12.1,-34.79338088,-10.12247735,-26.20107059
,,,,
39.2,13.3,-24.13874593,-13.71245185,-34.64945407
,,,,
39.2,14.5,-20.62773556,-8.449899407,-36.31477037
,,,,
39.2,15.7,-20.35585152,-9.88415697,-42.6592447
,,,,
39.2,16.9,-46.99684478,-8.89001,-42.45623806
,,,,
39.2,18.1,-38.98771556,-11.86110911,-36.5636163
,,,,
39.2,19.3,-15.70424924,9.086713864,-66.49145
,,,,
39.2,20.5,-22.60508,-11.60839259,-49.42341111
,,,,
39.2,21.7,-15.91807239,-13.96143731,-58.82734552
,,,,
39.2,22.9,-10.9208247,8.897455597,-59.62831791
,,,,
39.2,24.1,-35.36334963,17.35865704,-30.91888444
,,,,
39.2,25.3,-18.87982794,-4.119625809,-73.68207279
,,,,
39.2,26.5,-25.5005097,-8.821379478,-26.26299776
,,,,
39.2,27.7,-31.11902148,29.08387556,-38.54540741
,,,,
39.2,28.9,-38.81006232,-9.738867899,-42.35350942
,,,,
39.2,30.1,-41.84802707,-16.03070677,-35.31325789
,,,,
39.2,31.3,-31.88645489,-9.937439023,-44.79265113
,,,,
39.2,32.5,-13.62225303,8.648495758,-72.85792273
,,,,
39.2,33.7,-28.69026364,-13.21754773,-40.97947727
,,,,
39.2,34.9,-9.103268657,-9.144035224,-51.53939701
,,,,
39.2,36.1,-6.447250219,-0.296543866,-54.6406781
,,,,
39.2,37.3,-22.60222406,-8.018344662,-35.04950602
,,,,
39.2,38.5,-26.69623015,-17.42843382,-50.05535956
,,,,
39.2,39.7,-44.08530465,9.679096124,-52.2694845
,,,,
39.2,40.9,-22.04615448,-11.43425522,-32.76303806
,,,,
39.2,42.1,-30.89145912,22.33536934,-54.95852993
,,,,
39.2,43.3,-31.48602121,6.555314167,-45.80767955
,,,,
39.2,44.5,-37.04981314,-0.444988482,-22.15897007
,,,,
39.2,45.7,-21.0833694,-8.33239209,-17.56056642
,,,,
40.1,45.7,-28.34899926,13.59415778,-70.96223037
,,,,
40.1,44.5,-19.29001579,-2.659217068,-60.04083383
,,,,
40.1,43.3,-41.28185038,-9.744867895,-65.68626466
,,,,
40.1,42.1,-36.64570752,5.043259173,-56.92501128
,,,,
40.1,40.9,-37.89806119,-12.75363881,-41.54592164
,,,,
40.1,39.7,-21.52814887,5.118084887,-55.89604361
,,,,
40.1,38.5,-57.92755111,0.473994403,-16.2089363
,,,,
40.1,37.3,-35.23024526,-13.25248248,-46.51217591
,,,,
40.1,36.1,-18.52353088,-15.13399265,-42.49488676
,,,,
40.1,34.9,-17.54443308,11.10846677,-54.44866015
,,,,
40.1,33.7,-21.79373083,-7.397483759,-43.50213083
,,,,
40.1,32.5,-14.03834478,-10.60833254,-46.32963881
,,,,
40.1,31.3,-5.843896818,1.16147153,-54.35139091
,,,,
40.1,30.1,-13.37517313,-11.76755134,-47.21799328
,,,,
40.1,28.9,-28.50220515,1.300912799,-51.72414118
,,,,
40.1,27.7,-19.31719179,26.91296194,-44.83081567
,,,,
40.1,26.5,-35.96114074,-0.134548541,-73.20570222
,,,,
40.1,25.3,-29.95090224,3.858549627,-56.63215821
,,,,
40.1,24.1,-14.79070902,-19.13995263,-74.59724511
,,,,
40.1,22.9,-30.49781926,0.77988259,-52.83757037
,,,,
40.1,21.7,-20.57681778,-13.91202444,-36.97069111
,,,,
40.1,20.5,-36.20138346,-10.42343241,-25.04344511
,,,,
40.1,19.3,-10.10152748,24.03677259,-44.46402741
,,,,
40.1,18.1,-33.96245778,-5.911944,-9.543388444
,,,,
40.1,16.9,-19.37133111,16.75977704,-49.62992963
,,,,
40.1,15.7,-17.74480362,4.468237536,-65.98652464
,,,,
40.1,14.5,-40.66327444,7.33932782,-3.776148571
,,,,
40.1,13.3,-23.50546119,-17.5179791,-68.15441343
,,,,
40.1,12.1,-15.4960797,-11.30554677,-71.92103985
,,,,
40.1,10.9,-18.23995896,-8.20231709,-57.98069104
,,,,
40.1,9.7,-30.84341852,-16.86994444,-45.75619481
,,,,
41,9.7,-39.72180896,-20.27335,-45.12876866
,,,,
41,10.9,-30.41188741,-6.676737556,-58.71182889
,,,,
41,12.1,-34.61525735,-4.41124875,-31.79487574
,,,,
41,13.3,-17.16667721,22.99599265,-41.28173088
,,,,
41,14.5,-21.12470154,-2.250389638,-69.34019615
,,,,
41,15.7,-29.03497059,1.66770711,-57.75187132
,,,,
41,16.9,-11.64335083,4.103446439,-61.67378485
,,,,
41,18.1,-36.07170597,-4.774930448,-49.4817
,,,,
41,19.3,-28.38119699,-6.019649699,-50.32934812
,,,,
41,20.5,-8.278019023,17.93887444,-56.3296
,,,,
41,21.7,-19.05311805,15.48007218,-67.96611278
,,,,
41,22.9,-10.74283918,17.59135373,-23.01083731
,,,,
41,24.1,-35.96220956,-9.383009559,-42.09367868
,,,,
41,25.3,-6.504923778,-30.54995852,-61.44465481
,,,,
41,26.5,-30.87721504,-0.213623015,-61.11313459
,,,,
41,27.7,-32.40119254,5.813416493,-55.11868433
,,,,
41,28.9,-16.30446992,7.243037594,-43.01780451
,,,,
41,30.1,-39.49949185,3.598406667,-25.89252963
,,,,
41,31.3,-32.85688074,7.300799333,-48.56214741
,,,,
41,32.5,-20.24948162,16.11342721,-62.74029191
,,,,
41,33.7,-21.89859254,-7.559830448,-52.79580672
,,,,
41,34.9,-31.57264265,-1.101078503,-52.53304118
,,,,
41,36.1,-35.39268897,7.471769044,-55.00466985
,,,,
41,37.3,-27.75366618,14.62944044,-34.32056691
,,,,
41,38.5,-11.59523212,26.36600511,-41.55283358
,,,,
41,39.7,-7.446979051,6.349928175,-57.78921314
,,,,
41,40.9,-30.94158271,-9.216513759,-32.15147895
,,,,
41,42.1,-39.43417299,13.71103796,-40.77168321
,,,,
41,43.3,-51.39082015,-3.330037164,-48.25948433
,,,,
41,44.5,-26.18173309,20.49909191,-35.06578456
,,,,
41,45.7,-27.19924394,-10.36724848,-37.84204015
,,,,
41.9,45.7,-41.89762782,16.01955038,-36.6443015
,,,,
41.9,44.5,-12.21985333,12.20859274,-32.28949481
,,,,
41.9,43.3,-20.84277687,-9.806595448,-56.6858306
,,,,
41.9,42.1,-7.762510224,15.51131269,-50.22236791
,,,,
41.9,40.9,-36.57934104,4.737387239,-41.37455672
,,,,
41.9,39.7,-32.61570222,3.27628763,-54.73932815
,,,,
41.9,38.5,-22.11321818,-9.583652273,-19.63869621
,,,,
41.9,37.3,-4.428490602,9.066426767,-50.03017218
,,,,
41.9,36.1,-25.54959701,-4.228335746,-49.96020299
,,,,
41.9,34.9,-27.47278571,6.836476391,-43.4116797
,,,,
41.9,33.7,-32.71623015,-12.22076029,-40.25292279
,,,,
41.9,32.5,-30.56024776,-7.305805672,-55.39181716
,,,,
41.9,31.3,-25.41238788,12.80910758,-35.27899318
,,,,
41.9,30.1,-41.61823259,4.667189111,-53.19694444
,,,,
41.9,28.9,-24.01047836,-10.75477261,-56.17247463
,,,,
41.9,27.7,-24.99667333,-2.876010741,-47.95883481
,,,,
41.9,26.5,-23.47071278,-13.08419549,-54.5900188
,,,,
41.9,25.3,-33.61453481,-4.108072593,-27.38689704
,,,,
41.9,24.1,-43.33485338,2.848299925,-28.37146015
,,,,
41.9,22.9,-31.29080296,2.238340301,-30.68052296
,,,,
41.9,21.7,-32.11092932,-11.1050712,-48.20153985
,,,,
41.9,20.5,-21.17353134,-13.35769925,-45.8318209
,,,,
41.9,19.3,-27.22303676,7.16639125,-53.89370809
,,,,
41.9,18.1,-15.80237209,-3.825816202,-59.46204729
,,,,
41.9,16.9,-47.41097574,-0.812810845,-6.212055221
,,,,
41.9,15.7,-26.96457481,0.126930653,-53.49955111
,,,,
41.9,14.5,-15.15785263,-2.050769744,-74.90652857
,,,,
41.9,13.3,-42.91614074,15.85955481,-32.40078148
,,,,
41.9,12.1,-22.66312388,-9.520048731,-54.50268731
,,,,
41.9,10.9,-32.81897985,-46.14270821,-25.02681567
,,,,
41.9,9.7,-20.31163435,-0.407782298,-57.2231626
,,,,
42.8,9.7,-42.27313259,2.659708881,-31.21450074
,,,,
42.8,10.9,-31.80046947,-4.797258397,-36.13876412
,,,,
42.8,12.1,-14.12045076,11.31995121,-34.91401061
,,,,
42.8,13.3,-36.20637353,8.877395074,-46.53989044
,,,,
42.8,14.5,-19.66083235,-13.09191103,-39.19855441
,,,,
42.8,15.7,0.201051725,89.86358433,-17.07481493
,,,,
42.8,16.9,-48.69806866,8.591495149,-50.37310075
,,,,
42.8,18.1,-19.47281791,-9.09756291,-35.722
,,,,
42.8,19.3,-16.43713561,-5.457467652,-43.76532955
,,,,
42.8,20.5,-27.83463669,4.118390863,-54.69774892
,,,,
42.8,21.7,-34.57552148,21.29787704,-25.82472
,,,,
42.8,22.9,-42.79438358,16.07477537,-51.38645373
,,,,
42.8,24.1,-19.71041533,-0.926052752,-61.0415927
,,,,
42.8,25.3,-33.15536544,-5.871009779,-57.10129412
,,,,
42.8,26.5,-31.79030429,-3.526927714,-51.042095
,,,,
42.8,27.7,-43.17809695,20.3185,-16.44993053
,,,,
42.8,28.9,-18.86895852,-4.637258815,-42.41314148
,,,,
42.8,30.1,-26.96555455,-5.210425227,-44.86183182
,,,,
42.8,31.3,-25.74809852,-9.907913926,-49.53476667
,,,,
42.8,32.5,-35.5880903,15.92324179,-44.05691791
,,,,
42.8,33.7,-17.42277111,25.91390741,-55.29284741
,,,,
42.8,34.9,-21.7184237,-15.12336963,-54.83984148
,,,,
42.8,36.1,-34.60509338,22.26508603,-34.39700662
,,,,
42.8,37.3,-40.89694851,-3.821552537,-24.23793582
,,,,
42.8,38.5,-39.26273669,-9.393298921,-33.72932878
,,,,
42.8,39.7,-18.44494234,-10.11364635,-28.27578613
,,,,
42.8,40.9,-30.16755333,-15.6537763,-49.10866889
,,,,
42.8,42.1,-38.26479635,6.517062336,-37.5154
,,,,
42.8,43.3,-20.98393134,-11.3539103,-32.04066791
,,,,
42.8,44.5,-26.14952985,14.73339851,-16.12061493
,,,,
42.8,45.7,-26.12360073,-8.445794891,-23.83754161
,,,,
43.7,45.7,-44.92348872,14.82984887,-45.69239925
,,,,
43.7,44.5,-40.21107279,4.508006985,-49.19545882
,,,,
43.7,43.3,-30.44923657,-17.26455448,-44.64529179
,,,,
43.7,42.1,-37.03604478,-16.70579552,-38.67886493
,,,,
43.7,40.9,-23.29937143,17.11918797,-10.08703511
,,,,
43.7,39.7,-21.58188507,7.84281209,-1.456497043
,,,,
43.7,38.5,-24.29766296,-3.731938444,-55.27922593
,,,,
43.7,37.3,-30.83656316,11.96052556,-48.77060226
,,,,
43.7,36.1,-27.96497895,-18.5621782,-55.14355414
,,,,
43.7,34.9,-28.39541691,4.082858971,-50.67770147
,,,,
43.7,33.7,-10.70791582,-13.71720672,-55.49520149
,,,,
43.7,32.5,-33.14704643,-7.904314357,-46.59835143
,,,,
43.7,31.3,-32.51449854,15.23390657,-38.03598394
,,,,
43.7,30.1,-22.52645821,19.38962537,-34.93260373
,,,,
43.7,28.9,-20.40689185,7.214784815,-63.2823363
,,,,
43.7,27.7,-27.17637594,17.16781429,-30.47318872
,,,,
43.7,26.5,-17.12436985,18.80382206,-37.23994632
,,,,
43.7,25.3,-25.20613897,42.05725074,-7.524389191
,,,,
43.7,24.1,-25.60579348,7.698843768,-61.86565145
,,,,
43.7,22.9,-23.22927537,-12.78762761,-64.10322015
,,,,
43.7,21.7,-11.30891977,21.46413308,-61.39772932
,,,,
43.7,20.5,-24.30881778,-10.49026044,-46.51120889
,,,,
43.7,19.3,-33.82217612,-5.223299851,-43.21246866
,,,,
43.7,18.1,-36.1713,-5.742297426,-35.30069412
,,,,
43.7,16.9,-27.08551493,13.62846716,-51.71183134
,,,,
43.7,15.7,-10.98589709,11.21986664,-36.05963507
,,,,
43.7,14.5,-35.75614779,-11.04824912,-18.57289706
,,,,
43.7,13.3,-29.70358667,9.83463763,-44.48862667
,,,,
43.7,12.1,-29.90819851,9.425126269,-49.91006791
,,,,
43.7,10.9,-34.27714889,1.995894637,-61.23425407
,,,,
43.7,9.7,-16.70594779,9.265148088,-44.21239485
,,,,
44.6,45.7,-23.75857778,-2.938306389,-46.02396852
,,,,
44.6,44.5,-31.91836389,7.900803241,-37.73739352
,,,,
44.6,43.3,-25.25985673,4.457605865,-22.67468077
,,,,
44.6,42.1,-25.88412075,9.754024623,-18.56643302
,,,,
44.6,40.9,-18.17106321,7.720962453,-17.35481415
,,,,
44.6,39.7,-31.18061415,1.58816634,-19.86812264
,,,,
44.6,38.5,-25.69772056,-12.40591028,-19.10391215
,,,,
44.6,37.3,-21.22374057,26.14876981,-41.31283585
,,,,
44.6,36.1,-11.33882547,12.64543302,-29.54320472
,,,,
44.6,34.9,-15.69574771,9.68585633,-26.36204954
,,,,
44.6,33.7,-15.6959781,-0.939447132,-22.41889619
,,,,
44.6,32.5,-25.15529706,16.81063137,-21.70187745
,,,,
44.6,31.3,-17.6432972,4.348085047,-20.91362991
,,,,
44.6,30.1,-36.7319783,4.791720189,-53.06859906
,,,,
44.6,28.9,-26.00444688,-2.554929609,-28.83242188
,,,,
44.6,27.7,-16.18488462,-5.687197231,-36.01358385
,,,,
44.6,26.5,-25.90515607,6.817099346,-42.22010654
,,,,
44.6,25.3,-17.54179815,-0.715891392,-38.3943787
,,,,
44.6,24.1,-24.36327864,3.188938447,-35.36568058
,,,,
44.6,22.9,-25.14582868,-0.801902451,-31.8627938
,,,,
44.6,21.7,-8.618016311,4.095399417,-30.64390194
,,,,
44.6,20.5,-23.71845631,11.28758272,-28.06715243
,,,,
44.6,19.3,-32.99674423,4.3282875,-62.09094712
,,,,
44.6,18.1,-18.82337333,15.59442095,-39.87544667
,,,,
44.6,16.9,-23.79616944,8.156415833,-19.10038611
,,,,
44.6,15.7,-25.14287477,2.555918224,-25.2865271
,,,,
44.6,14.5,-33.47615833,22.85016667,-37.66286111
,,,,
44.6,13.3,-24.15671802,3.414545315,-43.6272018
,,,,
44.6,12.1,-19.30324537,14.90681759,-12.79767222
,,,,
44.6,10.9,-19.99396019,13.60338056,-26.60942222
,,,,
44.6,9.7,-25.08195,2.201168654,-39.17187212
,,,,
45.5,9.7,-20.80700566,12.56740283,-35.02835094
,,,,
45.5,10.9,-17.52171204,0.557101173,-45.7124713
,,,,
45.5,12.1,-18.63965,-5.840315472,-33.03389623
,,,,
45.5,13.3,-20.40987597,-2.73319262,-23.12475814
,,,,
45.5,14.5,-27.02159524,14.24119048,-32.68067333
,,,,
45.5,15.7,-32.5428875,11.1229924,-34.83273654
,,,,
45.5,16.9,-27.19114953,-9.335098598,-65.94771869
,,,,
45.5,18.1,-18.33437885,-1.924558721,-52.2846125
,,,,
45.5,19.3,-24.14851262,-3.514306602,-48.90712718
,,,,
45.5,20.5,-19.42267048,10.64820171,-43.3383219
,,,,
45.5,21.7,-21.77131333,13.09446857,-33.21769238
,,,,
45.5,22.9,-33.27404206,13.97331402,-40.25273925
,,,,
45.5,24.1,-30.33934245,13.75040094,-23.82298868
,,,,
45.5,25.3,-21.08807455,9.102090455,-30.07499273
,,,,
45.5,26.5,-26.80688981,-2.408486741,-23.17391944
,,,,
45.5,27.7,-31.29203113,-4.658406887,-67.29382642
,,,,
45.5,28.9,-31.07696406,-4.286981406,-21.0376125
,,,,
45.5,30.1,-15.54352595,-7.45446626,-25.19306641
,,,,
45.5,31.3,-24.9995972,6.391564486,-13.69149439
,,,,
45.5,32.5,-26.17075676,2.740808198,-34.54587207
,,,,
45.5,33.7,-24.21868019,10.29870887,-40.82561038
,,,,
45.5,34.9,-29.87529048,4.558091238,-36.93205429
,,,,
45.5,36.1,-14.56020467,-9.859346449,-73.10108224
,,,,
45.5,37.3,-19.34155391,-3.060090938,-37.36801563
,,,,
45.5,38.5,-9.642070748,8.632539346,-73.1953486
,,,,
45.5,39.7,-28.26141429,6.946809196,-29.99513571
,,,,
45.5,40.9,-19.44851016,-5.337154844,-13.56959297
,,,,
45.5,42.1,-11.19727754,-6.373302615,-40.70039154
,,,,
45.5,43.3,-24.1424729,-0.536410467,-11.28722374
,,,,
45.5,44.5,-24.6144019,15.05168476,-33.73535429
,,,,
45.5,45.7,-22.85352885,4.100726058,-46.31963942
,,,,
46.4,45.7,-7.788696476,10.635902,-28.7414419
,,,,
46.4,44.5,-30.27574857,8.261806,-37.01650286
,,,,
46.4,43.3,-29.60733178,0.760215793,-20.4734271
,,,,
46.4,42.1,-27.03174907,7.7064225,-14.68184907
,,,,
46.4,40.9,-14.89024095,-1.380659185,-21.26635333
,,,,
46.4,39.7,-35.00271019,17.83611296,-30.9078787
,,,,
46.4,38.5,-22.7325,5.02201283,-43.49471792
,,,,
46.4,37.3,-19.96718145,1.864758919,-51.43229516
,,,,
46.4,36.1,-21.98551442,0.705220318,-43.60745962
,,,,
46.4,34.9,-30.97994259,0.62453677,-45.32524537
,,,,
46.4,33.7,-19.71311748,18.22141165,-59.67424175
,,,,
46.4,32.5,9.899636697,26.71405688,-35.22888899
,,,,
46.4,31.3,-28.23536509,18.28043302,-21.15435472
,,,,
46.4,30.1,-21.07750192,-1.698934115,-42.22877596
,,,,
46.4,28.9,-12.8906844,4.913134404,-42.12603578
,,,,
46.4,27.7,-36.59863178,4.845963551,-35.54775234
,,,,
46.4,26.5,-12.00488868,8.226574717,-49.6418566
,,,,
46.4,25.3,-21.88372981,18.47943077,-28.31925577
,,,,
46.4,24.1,-19.09392157,15.81187647,-17.01899412
,,,,
46.4,22.9,-22.60699817,12.50560826,-41.80814037
,,,,
46.4,21.7,-29.90862453,12.27254528,-25.76417453
,,,,
46.4,20.5,-13.40376505,13.81064369,-49.97003301
,,,,
46.4,19.3,-26.09744286,5.626830571,-43.56680476
,,,,
46.4,18.1,-35.38145429,11.7966099,-29.65682
,,,,
46.4,16.9,-21.01536729,2.802084486,-26.44915047
,,,,
47.3,16.9,-20.19174818,7.352822,-38.18144727
,,,,
47.3,18.1,-32.69410667,-0.62561027,-22.9509619
,,,,
47.3,19.3,-20.64136168,-6.21084,-21.81296168
,,,,
47.3,20.5,-17.47918942,10.90247558,-17.67318462
,,,,
47.3,21.7,-28.02547477,5.637708598,-28.92665514
,,,,
47.3,22.9,-29.65184673,6.215389907,-15.15172523
,,,,
47.3,24.1,-24.11423619,12.43392667,-54.31613714
,,,,
47.3,25.3,-10.38472925,5.712630943,-38.32214245
,,,,
47.3,26.5,8.267035538,-13.31203692,-39.22436
,,,,
47.3,27.7,-17.58234953,4.130269159,-44.58946449
,,,,
47.3,28.9,-20.12613774,-0.683507057,-11.00039453
,,,,
47.3,30.1,-26.06567048,13.33821619,-38.97872381
,,,,
47.3,31.3,-11.30465755,-11.6427717,-67.14676226
,,,,
47.3,32.5,-25.73548473,-5.804536565,-34.55233817
,,,,
47.3,33.7,-7.436413333,15.12745185,-56.3352787
,,,,
47.3,34.9,-18.48403269,-2.442565,-29.41000481
,,,,
47.3,36.1,-17.18795514,6.22907972,-47.5230729
,,,,
47.3,37.3,-17.86145534,5.26826699,-50.89027767
,,,,
47.3,38.5,-23.0835283,-0.54373124,-23.52345472
,,,,
47.3,39.7,-30.00609154,-4.201789462,-38.05229
,,,,
47.3,40.9,-16.87797547,20.78535283,-52.59847642
,,,,
47.3,42.1,-7.496571389,8.63265963,-29.21573704
,,,,
47.3,43.3,-28.54061359,-1.684821981,-51.20516602
,,,,
47.3,44.5,-34.95236016,-3.752828047,-29.16725313
,,,,
47.3,45.7,-20.4636155,-6.509517829,-49.36430078
,,,,
48.2,45.7,-32.58429528,15.31249434,-50.67172075
,,,,
48.2,44.5,-31.2475514,6.081996449,-24.91856542
,,,,
48.2,43.3,-13.01829615,1.381419165,-74.12967788
,,,,
48.2,42.1,-18.13007238,16.21432952,-28.28539238
,,,,
48.2,40.9,-37.26343028,4.523811101,-31.76822385
,,,,
48.2,39.7,-27.09139538,-3.020699846,-38.39401077
,,,,
48.2,38.5,-31.30608,9.889963524,-39.47250667
,,,,
48.2,37.3,-30.15111429,10.46435181,-61.70424476
,,,,
48.2,36.1,-17.74772018,9.556228807,-45.40174771
,,,,
48.2,34.9,-17.7959875,15.60984423,-25.49257788
,,,,
48.2,33.7,-20.99641111,7.657721944,-43.54082315
,,,,
48.2,32.5,-17.72750381,15.79315905,-30.21182667
,,,,
48.2,31.3,-24.87699815,10.30760556,-21.24924907
,,,,
48.2,30.1,-32.02284118,5.732202941,-15.55896765
,,,,
48.2,28.9,-31.48765714,9.407826667,-26.18893524
,,,,
48.2,27.7,-11.68121068,-0.020132973,-32.95130777
,,,,
48.2,26.5,-22.60853524,16.23710571,-33.7780781
,,,,
48.2,25.3,-29.83523333,7.85473019,-39.75690762
,,,,
48.2,24.1,-20.00038462,11.13869327,-40.21777885
,,,,
48.2,22.9,-9.134176408,0.036961993,-32.63566505
,,,,
48.2,21.7,-12.32669519,-13.70164231,-65.3987875
,,,,
48.2,20.5,-21.75700481,16.78048846,-33.94654038
,,,,
48.2,19.3,-16.06003148,2.817450963,-32.78048704
,,,,
48.2,18.1,-12.16886091,-11.80103909,-51.85065727
,,,,
48.2,16.9,-24.85927963,-0.900988995,-14.51678611
,,,,
49.1,16.9,-33.11811545,-2.030140745,-64.13986364
,,,,
49.1,18.1,-19.11914623,4.005849623,-17.45576792
,,,,
49.1,19.3,-27.18425714,15.67994667,-28.90696476
,,,,
49.1,20.5,-0.348707711,16.22626635,-61.44523654
,,,,
49.1,21.7,-33.61735048,12.10106667,-34.10380762
,,,,
49.1,22.9,-29.63753636,5.680347636,-41.35924273
,,,,
49.1,24.1,-33.10536762,2.753296095,-40.28016571
,,,,
49.1,25.3,-22.47996698,-0.213407239,-29.44257925
,,,,
49.1,26.5,-31.06593774,-1.750182689,-31.64476792
,,,,
49.1,27.7,-12.94932243,-3.741825888,-37.78395047
,,,,
49.1,28.9,-28.97396952,11.61574571,-25.86454476
,,,,
49.1,30.1,-11.00827651,4.127179633,-49.28037431
,,,,
49.1,31.3,-21.77346923,12.07449135,-23.30237308
,,,,
49.1,32.5,-22.662,13.46190865,-42.41849519
,,,,
49.1,33.7,15.89577723,10.11749842,-29.02593663
,,,,
49.1,34.9,-19.83291509,6.902730566,-8.837199906
,,,,
49.1,36.1,-15.23784818,11.18268091,-40.84326455
,,,,
49.1,37.3,-26.53743962,-0.032158688,-32.47368302
,,,,
49.1,38.5,-34.18996822,-3.536939922,-34.21991705
,,,,
49.1,39.7,-17.69934393,-0.577138665,-28.60996355
,,,,
49.1,40.9,-15.76471048,2.949392667,-26.4195019
,,,,
49.1,42.1,-17.26543774,-3.655545189,-50.39970943
,,,,
49.1,43.3,-25.69403905,11.58192905,-36.19319714
,,,,
49.1,44.5,-0.751348941,14.93773269,-68.84832308
,,,,
49.1,45.7,-38.88678224,16.84672804,-51.42222336
,,,,
50,45.7,-18.92892963,-7.782504907,-35.76522037
,,,,
50,44.5,-24.69258624,-12.61735321,-22.83867156
,,,,
50,43.3,-15.16509519,-5.682857212,-53.80738077
,,,,
50,42.1,-24.64052778,-11.36690611,-18.91684352
,,,,
50,40.9,-1.396884017,0.386001156,-54.02058788
,,,,
50,39.7,-26.82635047,15.01920561,-30.72566916
,,,,
50,38.5,-7.976957596,8.874863365,-70.33327788
,,,,
50,37.3,-19.91742524,2.436338981,-29.71750777
,,,,
50,36.1,-22.40026091,13.87470091,-24.29034091
,,,,
50,34.9,-19.75275421,1.876418028,-18.21563458
,,,,
50,33.7,0.136701651,25.68730374,-55.18801402
,,,,
50,32.5,-16.10265846,-6.142460692,-30.36320462
,,,,
50,31.3,-28.9514283,5.929651698,-37.80618774
,,,,
50,30.1,-22.93936698,14.90594717,-23.24340189
,,,,
50,28.9,-17.56473462,10.53446375,-46.91550769
,,,,
50,27.7,-29.02784579,6.072498224,-27.35199065
,,,,
50,26.5,-21.59877358,19.22881698,-37.1744434
,,,,
50,25.3,-16.43138496,3.924465398,-8.640632655
,,,,
50,24.1,-22.38441942,7.11960301,-38.58822913
,,,,
50,22.9,-18.00948286,17.11591429,-44.71824762
,,,,
50,21.7,-30.69239252,13.47852991,-16.40250748
,,,,
50,20.5,-31.18120196,3.207143039,-39.67738824
,,,,
50,19.3,-18.94356762,8.933424381,-40.2230819
,,,,
50,18.1,-20.5619219,2.917698667,-63.14877143
,,,,
50,16.9,-18.75378972,12.63421589,-27.65727944