timeMillis,timeNanos,x,y,z
1580793224483,7584090767157662,-26.46,18.48,-26.22
1580793224483,7584090787156662,-26.82,18.66,-26.22
1580793224528,7584090807155162,-26.519999,18.66,-26.64
1580793224528,7584090827152828,-26.34,18.9,-26.82
1580793224580,7584090847150578,-26.519999,19.02,-26.82
1580793224580,7584090867148378,-25.98,19.32,-27.119999
1580793224623,7584090887145878,-25.14,19.38,-26.58
1580793224623,7584090907143449,-24.779999,19.199999,-26.64
1580793224623,7584090927141074,-23.64,19.26,-26.519999
1580793224662,7584090947138740,-23.64,19.14,-26.88
1580793224691,7584090967136240,-24.06,19.439999,-26.939999
1580793224753,7584090987132785,-24.06,19.68,-26.82
1580793224753,7584091007213785,-23.76,20.52,-26.4
1580793224753,7584091027365554,-23.4,19.98,-26.82
1580793224753,7584091047577839,-23.699999,19.38,-26.699999
1580793224782,7584091067842572,-23.88,19.74,-26.82
1580793224815,7584091088153197,-23.46,19.56,-27.3
1580793224815,7584091108504255,-23.279999,19.5,-26.64
1580793224851,7584091128891255,-23.64,20.4,-26.46
1580793224852,7584091149310307,-23.88,20.76,-27.0
1580793224894,7584091169758307,-23.4,20.22,-27.42
1580793224957,7584091190232497,-23.34,19.8,-27.3
1580793224957,7584091210730406,-23.699999,19.74,-27.96
1580793224957,7584091231250058,-24.18,19.08,-28.32
1580793225008,7584091251789641,-23.88,18.9,-28.019999
1580793225008,7584091272347481,-23.34,19.56,-27.9
1580793225008,7584091292922250,-23.82,19.68,-28.019999
1580793225067,7584091313512620,-23.76,20.16,-28.08
1580793225068,7584091334117548,-23.1,19.619999,-28.56
1580793225068,7584091354736030,-22.98,19.92,-29.16
1580793225116,7584091375367096,-23.76,20.4,-29.22
1580793225116,7584091396031462,-24.3,19.68,-29.58
1580793225159,7584091416729162,-24.539999,19.38,-29.699999
1580793225159,7584091437460228,-25.08,18.9,-30.119999
1580793225211,7584091458224628,-24.779999,18.48,-30.539999
1580793225211,7584091479022361,-24.24,18.42,-30.779999
1580793225211,7584091499853427,-23.939999,18.24,-31.08
1580793225267,7584091520717827,-24.119999,18.66,-30.599998
1580793225268,7584091541615560,-24.539999,18.6,-31.019999
1580793225323,7584091562546560,-24.779999,18.24,-31.74
1580793225324,7584091583510960,-25.08,17.64,-31.56
1580793225324,7584091604509060,-24.72,17.1,-31.859999
1580793225403,7584091625506693,-25.019999,17.4,-32.88
1580793225403,7584091646470893,-25.8,17.34,-33.239998
1580793225403,7584091667435059,-25.68,17.34,-32.7
1580793225403,7584091688399125,-24.66,17.58,-33.18
1580793225424,7584091709363158,-24.539999,17.46,-34.14
1580793225469,7584091730327191,-24.6,16.98,-34.559998
1580793225469,7584091751291157,-24.24,17.16,-34.26
1580793225507,7584091772255190,-24.359999,17.4,-34.26
1580793225507,7584091793219223,-24.779999,16.98,-34.44
1580793225551,7584091814183189,-24.6,17.16,-34.5
1580793225551,7584091835147255,-23.76,17.279999,-34.739998
1580793225596,7584091856111321,-23.699999,17.1,-35.04
1580793225596,7584091877075321,-23.82,17.34,-35.219997
1580793225646,7584091898039387,-23.699999,16.92,-35.579998
1580793225646,7584091918969420,-23.699999,16.199999,-36.54
1580793225694,7584091939866120,-23.699999,15.96,-36.84
1580793225694,7584091960730186,-23.82,15.839999,-36.6
1580793225695,7584091981560919,-25.019999,16.199999,-36.66
1580793225753,7584092002358385,-25.56,16.44,-36.84
1580793225753,7584092023122451,-25.019999,16.619999,-36.96
1580793225754,7584092043853184,-25.38,17.1,-36.96
1580793225799,7584092064550617,-25.8,16.56,-37.14
1580793225799,7584092085214683,-25.8,15.9,-37.739998
1580793225825,7584092105845683,-26.039999,15.0,-38.219997
1580793225848,7584092126443316,-26.64,14.639999,-38.64
1580793225848,7584092147007649,-26.16,15.179999,-39.3
1580793225879,7584092167538682,-26.58,14.82,-39.3
1580793225909,7584092188036448,-27.119999,14.4,-38.7
1580793225909,7584092208500181,-26.699999,14.58,-39.059998
1580793225945,7584092228931214,-27.119999,14.5199995,-39.3
1580793225982,7584092249328980,-26.939999,14.4,-39.48
1580793225982,7584092269760080,-26.519999,14.219999,-39.36
1580793226026,7584092290157846,-27.0,14.16,-38.879997
1580793226026,7584092310634456,-27.66,13.86,-39.18
1580793226081,7584092330998889,-26.699999,13.92,-39.78
1580793226081,7584092351363322,-26.099998,14.58,-39.84
1580793226082,7584092371727755,-26.82,13.799999,-40.079998
1580793226127,7584092392092188,-26.699999,13.5,-40.68
1580793226128,7584092412456621,-26.58,13.32,-40.8
1580793226171,7584092432821054,-26.76,12.9,-40.26
1580793226171,7584092453185454,-26.88,13.139999,-40.44
1580793226219,7584092473516520,-27.24,12.48,-41.579998
1580793226220,7584092493814253,-27.06,11.639999,-41.64
1580793226220,7584092514078653,-26.82,11.639999,-41.46
1580793226271,7584092534343753,-27.119999,10.98,-42.0
1580793226271,7584092554608886,-27.24,9.3,-42.3
1580793226320,7584092574873319,-27.48,8.76,-42.96
1580793226320,7584092595137752,-28.08,9.12,-42.78
1580793226320,7584092615402185,-28.019999,9.36,-42.48
1580793226451,7584092635666618,-28.26,9.36,-42.54
1580793226452,7584092655931051,-28.5,8.099999,-42.36
1580793226452,7584092676195484,-28.5,6.8999996,-42.42
1580793226452,7584092696459884,-28.14,6.72,-42.6
1580793226452,7584092716724017,-27.96,6.72,-43.079998
1580793226452,7584092736988250,-28.74,6.18,-43.2
1580793226478,7584092757252450,-28.26,5.4,-43.44
1580793226478,7584092777516550,-27.9,4.7999997,-44.1
1580793226530,7584092797780650,-27.72,4.8599997,-44.1
1580793226530,7584092818045450,-27.599998,4.74,-43.02
1580793226576,7584092838309616,-28.8,4.7999997,-42.719997
1580793226576,7584092858607049,-28.5,5.1,-43.379997
1580793226626,7584092878871149,-28.199999,5.3399997,-43.5
1580793226626,7584092899135249,-28.14,5.7599998,-43.62
1580793226626,7584092919399349,-28.08,5.46,-43.739998
1580793226667,7584092939630115,-28.439999,4.74,-43.68
1580793226667,7584092959827548,-27.779999,4.2599998,-43.2
1580793226710,7584092979991748,-27.48,4.02,-42.6
1580793226710,7584093000122548,-27.9,3.84,-42.899998
1580793226752,7584093020220014,-28.68,3.54,-43.5
1580793226752,7584093040284214,-28.439999,3.06,-43.5
1580793226820,7584093060315014,-28.14,2.28,-43.14
1580793226822,7584093080345814,-28.56,1.92,-42.899998
1580793226822,7584093100376680,-28.199999,2.28,-42.719997
1580793226822,7584093120407546,-28.439999,1.92,-42.54
1580793226863,7584093140438346,-29.099998,1.5,-42.54
1580793226863,7584093160469179,-28.859999,1.14,-42.0
1580793226923,7584093180500012,-28.68,0.84,-41.34
1580793226923,7584093200530845,-28.38,1.14,-41.34
1580793226923,7584093220561745,-28.619999,1.0799999,-41.399998
1580793226975,7584093240592711,-29.64,0.65999997,-41.28
1580793226975,7584093260623677,-30.42,0.53999996,-41.1
1580793227027,7584093280654577,-30.06,0.65999997,-39.96
1580793227027,7584093300685543,-29.699999,0.35999998,-39.48
1580793227027,7584093320716509,-29.64,-0.06,-39.18
1580793227073,7584093340747409,-30.0,0.06,-38.76
1580793227074,7584093360778309,-30.539999,0.06,-39.059998
1580793227131,7584093380809275,-31.08,-0.42,-38.34
1580793227131,7584093400840241,-31.199999,-0.71999997,-37.739998
1580793227131,7584093420871141,-30.72,-0.12,-37.44
1580793227172,7584093440935374,-30.72,-0.12,-36.66
1580793227172,7584093460966340,-30.539999,-1.14,-36.239998
1580793227223,7584093480997240,-30.3,-1.0799999,-36.66
1580793227223,7584093501028140,-30.539999,-1.0799999,-36.36
1580793227223,7584093521059106,-30.179998,-1.56,-35.46
1580793227267,7584093541090072,-30.179998,-1.56,-35.28
1580793227267,7584093561120972,-31.32,-1.8,-34.98
1580793227488,7584093581151838,-31.56,-1.74,-33.899998
1580793227488,7584093601182804,-31.019999,-1.4399999,-33.0
1580793227488,7584093621213704,-31.32,-2.22,-32.16
1580793227488,7584093641244604,-32.1,-2.58,-31.98
1580793227488,7584093661275570,-32.34,-2.34,-32.579998
1580793227488,7584093681306536,-32.7,-2.9399998,-32.219997
1580793227488,7584093701337436,-32.82,-3.12,-31.8
1580793227488,7584093721368336,-32.94,-3.6,-31.38
1580793227488,7584093741399302,-33.059998,-4.08,-30.66
1580793227488,7584093761430268,-33.18,-4.2,-30.359999
1580793227489,7584093781461168,-33.36,-5.04,-29.82
1580793227536,7584093801492068,-32.94,-5.1,-28.92
1580793227536,7584093821522901,-32.64,-5.04,-28.56
1580793227551,7584093841553667,-33.239998,-4.68,-28.26
1580793227625,7584093861617767,-33.42,-4.62,-28.38
1580793227626,7584093881681933,-32.52,-4.56,-28.68
1580793227626,7584093901746099,-31.5,-4.74,-28.619999
1580793227626,7584093921810199,-31.439999,-5.16,-28.38
1580793227663,7584093941874365,-31.98,-4.2,-28.26
1580793227663,7584093961938531,-31.8,-4.38,-28.019999
1580793227703,7584093982035264,-31.859999,-5.3399997,-27.779999
1580793227703,7584094002131997,-31.98,-4.8599997,-27.72
1580793227735,7584094022229530,-31.92,-4.56,-27.599998
1580793227753,7584094042326996,-32.219997,-4.44,-27.599998
1580793227771,7584094062457796,-31.5,-3.6,-26.88
1580793227789,7584094082621996,-31.199999,-3.72,-26.64
1580793227807,7584094102819462,-31.439999,-3.72,-27.119999
1580793227831,7584094123050262,-31.5,-3.24,-27.119999
1580793227847,7584094143281062,-31.38,-3.4199998,-27.0
1580793227866,7584094163511862,-31.26,-3.54,-26.4
1580793227901,7584094183742662,-31.439999,-3.36,-26.039999
1580793227921,7584094203973428,-31.32,-2.82,-25.74
1580793227947,7584094224204261,-31.439999,-3.0,-25.74
1580793227947,7584094244435161,-31.859999,-2.8799999,-25.439999
1580793227973,7584094264666127,-31.439999,-2.22,-24.779999
1580793228009,7584094284897127,-31.32,-1.8,-24.72
1580793228009,7584094305128227,-32.1,-1.3199999,-24.42
1580793228042,7584094325359327,-31.619999,-1.56,-24.48
1580793228073,7584094345590427,-30.9,-1.26,-23.76
1580793228073,7584094365821527,-31.08,-0.71999997,-23.34
1580793228099,7584094386052627,-31.199999,-0.96,-24.18
1580793228134,7584094406283727,-31.199999,-0.65999997,-24.48
1580793228135,7584094426514827,-30.9,0.35999998,-24.119999
1580793228172,7584094446745993,-30.24,0.84,-23.519999
1580793228172,7584094466943759,-30.359999,1.0799999,-23.1
1580793228215,7584094487141525,-30.779999,1.5,-23.16
1580793228215,7584094507339291,-30.84,1.92,-23.279999
1580793228259,7584094527537057,-30.779999,2.28,-23.699999
1580793228259,7584094547734823,-30.359999,2.76,-23.82
1580793228305,7584094567932589,-30.24,3.4199998,-23.46
1580793228305,7584094588097789,-30.119999,3.78,-23.16
1580793228305,7584094608262922,-30.3,3.8999999,-23.1
1580793228363,7584094628460655,-30.539999,4.2,-23.1
1580793228363,7584094648658455,-29.76,4.62,-21.96
1580793228419,7584094668856188,-29.279999,4.3199997,-21.84
1580793228419,7584094689053921,-29.039999,4.02,-22.619999
1580793228419,7584094709251721,-29.34,4.2599998,-22.14
1580793228443,7584094729449487,-29.16,5.22,-22.199999
1580793228502,7584094749680587,-28.38,5.8199997,-22.98
1580793228502,7584094769945087,-28.14,6.18,-22.92
1580793228502,7584094790242853,-27.84,6.42,-22.92
1580793228540,7584094810573953,-28.38,6.06,-22.859999
1580793228540,7584094830938386,-29.4,6.3599997,-22.32
1580793228573,7584094851336019,-30.539999,6.6,-22.56
1580793228599,7584094871766919,-31.08,7.14,-22.8
1580793228600,7584094892231119,-30.539999,7.9199996,-22.619999
1580793228633,7584094912728552,-30.42,7.62,-22.56
1580793228671,7584094933225985,-30.66,7.5,-22.619999
1580793228671,7584094953723418,-30.359999,8.5199995,-23.22
1580793228708,7584094974220784,-29.699999,9.54,-23.34
1580793228709,7584094994718217,-29.46,9.84,-23.22
1580793228742,7584095015215650,-30.0,9.3,-23.76
1580793228742,7584095035713083,-30.539999,8.94,-23.16
1580793228784,7584095056210449,-30.779999,9.42,-23.279999
1580793228784,7584095076707882,-30.66,9.719999,-24.3
1580793228826,7584095097205315,-30.779999,9.719999,-24.359999
1580793228826,7584095117702715,-30.9,9.54,-24.539999
1580793228867,7584095138200181,-30.359999,9.36,-24.359999
1580793228867,7584095158697647,-30.66,9.719999,-24.06
1580793228907,7584095179195113,-31.5,9.84,-23.939999
1580793228907,7584095199692513,-31.32,9.42,-24.0
1580793228953,7584095220189979,-31.5,9.84,-24.6
1580793228954,7584095240654112,-31.8,10.559999,-25.019999
1580793228995,7584095261084845,-31.08,10.98,-25.14
1580793228995,7584095281482311,-31.199999,11.099999,-25.019999
1580793229042,7584095301846444,-31.5,11.16,-24.84
1580793229042,7584095322177244,-31.32,11.46,-25.26
1580793229042,7584095342474744,-30.9,11.4,-26.279999
1580793229092,7584095362738977,-30.24,11.5199995,-27.119999
1580793229092,7584095382969877,-30.599998,11.58,-27.0
1580793229144,7584095403167443,-31.14,11.4,-26.76
1580793229146,7584095423331676,-31.56,11.7,-27.599998
1580793229146,7584095443462576,-31.32,12.36,-27.96
1580793229199,7584095463560209,-30.66,12.48,-27.96
1580793229199,7584095483624442,-30.48,12.42,-28.439999
1580793229199,7584095503655342,-30.3,13.2,-28.439999
1580793229245,7584095523652975,-30.539999,13.2,-28.38
1580793229245,7584095543650608,-30.3,13.44,-29.279999
1580793229289,7584095563648174,-29.88,13.679999,-30.359999
1580793229289,7584095583645807,-30.06,13.2,-30.0
1580793229323,7584095603643440,-30.3,14.04,-30.06
1580793229323,7584095623641006,-30.779999,14.82,-30.599998
1580793229354,7584095643638572,-30.779999,15.0,-30.48
1580793229372,7584095663636205,-30.84,14.4,-30.3
1580793229381,7584095683633838,-30.539999,13.799999,-31.32
1580793229528,7584095703631404,-29.939999,13.92,-32.219997
1580793229528,7584095723629004,-29.58,13.62,-32.76
1580793229528,7584095743626604,-29.16,13.32,-33.36
1580793229528,7584095763624170,-28.98,14.04,-33.54
1580793229528,7584095783621736,-30.179998,13.98,-33.78
1580793229528,7584095803619369,-30.359999,13.62,-33.6
1580793229528,7584095823617002,-29.88,13.44,-33.059998
1580793229575,7584095843614568,-30.179998,13.139999,-33.899998
1580793229575,7584095863612201,-29.82,13.62,-35.04
1580793229618,7584095883643167,-30.06,13.92,-34.92
1580793229618,7584095903674067,-30.599998,13.559999,-34.8
1580793229657,7584095923704967,-30.359999,13.559999,-35.219997
1580793229657,7584095943736433,-29.64,13.86,-35.94
1580793229699,7584095963767266,-29.699999,13.98,-36.18
1580793229699,7584095983798032,-30.359999,13.62,-36.3
1580793229734,7584096003828865,-30.3,13.62,-36.899998
1580793229734,7584096023859698,-30.0,13.559999,-37.5
1580793229780,7584096043890464,-30.24,13.32,-36.84
1580793229780,7584096063921230,-30.179998,13.38,-36.78
1580793229780,7584096083952063,-29.82,13.44,-37.44
1580793229823,7584096103982896,-30.599998,12.48,-37.8
1580793229824,7584096124013662,-31.019999,12.24,-38.76
1580793229878,7584096144077762,-30.9,12.84,-39.48
1580793229879,7584096164141962,-31.5,12.48,-39.18
1580793229923,7584096184206095,-31.8,12.54,-38.94
1580793229923,7584096204270228,-31.679998,12.179999,-39.239998
1580793229923,7584096224334428,-31.92,11.16,-39.78
1580793229956,7584096244398628,-32.34,10.559999,-40.5
1580793230004,7584096264462761,-32.64,10.26,-40.86
1580793230004,7584096284526894,-32.76,10.08,-40.98
1580793230004,7584096304591094,-32.219997,10.08,-40.68
1580793230051,7584096324655227,-32.399998,9.96,-40.8
1580793230051,7584096344719360,-33.239998,9.78,-40.739998
1580793230099,7584096364783526,-33.719997,9.36,-40.8
1580793230100,7584096384847726,-33.3,8.76,-41.04
1580793230159,7584096404912026,-32.94,8.5199995,-41.7
1580793230159,7584096424976359,-33.36,8.639999,-42.3
1580793230159,7584096445040792,-33.6,8.82,-42.48
1580793230219,7584096465105258,-33.48,8.639999,-42.719997
1580793230219,7584096485136391,-32.52,8.28,-42.78
1580793230219,7584096505167591,-32.28,8.34,-43.32
1580793230263,7584096525198791,-32.46,8.04,-43.559998
1580793230263,7584096545229357,-32.46,6.7799997,-43.68
1580793230263,7584096565260490,-33.059998,6.66,-44.7
1580793230306,7584096585291690,-32.82,6.3599997,-45.36
1580793230306,7584096605322890,-32.1,6.12,-45.42
1580793230354,7584096625354023,-32.399998,6.48,-45.719997
1580793230354,7584096645385223,-32.88,5.8199997,-45.539997
1580793230446,7584096665416423,-33.239998,6.0,-46.379997
1580793230446,7584096685447556,-32.579998,5.4,-46.86
1580793230446,7584096705478689,-31.5,4.2599998,-46.86
1580793230446,7584096725509889,-30.84,4.74,-47.52
1580793230446,7584096745507755,-31.619999,4.68,-47.28
1580793230460,7584096765505521,-32.399998,4.3199997,-47.219997
1580793230557,7584096785503354,-31.619999,4.56,-47.219997
1580793230557,7584096805501187,-31.26,4.08,-47.399998
1580793230557,7584096825498987,-31.439999,3.6599998,-47.76
1580793230557,7584096845496787,-31.08,3.3,-47.64
1580793230596,7584096865494653,-31.619999,2.34,-48.48
1580793230596,7584096885525853,-32.04,2.28,-48.36
1580793230627,7584096905556986,-32.399998,1.9799999,-47.7
1580793230627,7584096925587486,-32.82,1.4399999,-47.579998
1580793230654,7584096945617986,-32.94,0.71999997,-47.76
1580793230679,7584096965649119,-33.42,0.0,-47.76
1580793230701,7584096985680219,-33.3,-0.24,-47.219997
1580793230701,7584097005711219,-33.42,-0.78,-47.52
1580793230740,7584097025742185,-33.66,-1.26,-48.0
1580793230763,7584097045773051,-33.239998,-1.5,-47.64
1580793230763,7584097065803884,-32.7,-1.26,-47.34
1580793230794,7584097085834717,-33.18,-1.74,-46.92
1580793230835,7584097105865483,-33.899998,-2.22,-46.5
1580793230836,7584097125896249,-33.96,-2.34,-46.739998
1580793230900,7584097145960415,-34.32,-3.72,-46.32
1580793230900,7584097166057915,-35.16,-4.56,-46.14
1580793230900,7584097186188681,-35.34,-4.02,-46.079998
1580793230938,7584097206352781,-35.399998,-4.2,-45.66
1580793230938,7584097226550247,-35.94,-5.4,-46.2
1580793230986,7584097246781047,-36.12,-6.2999997,-46.5
1580793230987,7584097267045180,-35.76,-7.14,-45.539997
1580793231030,7584097287342646,-35.399998,-7.9199996,-45.719997
1580793231030,7584097307673446,-35.34,-7.7999997,-45.84
1580793231095,7584097328037579,-35.7,-8.04,-44.64
1580793231095,7584097348434979,-36.12,-8.7,-44.04
1580793231095,7584097368865779,-36.18,-8.58,-44.04
1580793231152,7584097389329912,-36.0,-9.0,-43.739998
1580793231152,7584097409827312,-35.76,-9.78,-43.559998
1580793231152,7584097430358078,-35.94,-9.9,-43.079998
1580793231206,7584097450922178,-36.239998,-10.08,-42.3
1580793231207,7584097471519678,-36.12,-10.08,-42.54
1580793231207,7584097492117244,-35.64,-10.5,-41.82
1580793231252,7584097512748244,-35.579998,-10.92,-40.86
1580793231252,7584097533413310,-35.52,-10.8,-40.32
1580793231299,7584097554111710,-35.46,-10.74,-40.14
1580793231299,7584097574842810,-35.64,-11.34,-40.86
1580793231342,7584097595607176,-35.34,-11.759999,-40.26
1580793231343,7584097616404876,-35.1,-12.24,-39.66
1580793231470,7584097637235909,-34.68,-12.599999,-39.899998
1580793231470,7584097658100275,-34.44,-12.179999,-39.36
1580793231470,7584097678997975,-34.5,-11.82,-38.52
1580793231471,7584097699929008,-34.8,-11.94,-38.879997
1580793231471,7584097720893374,-34.559998,-12.24,-38.579998
1580793231471,7584097741891074,-33.96,-12.179999,-37.32
1580793231491,7584097762888774,-33.66,-12.12,-36.719997
1580793231499,7584097783886407,-33.48,-12.12,-36.239998
1580793231550,7584097804884107,-33.96,-12.66,-36.48
1580793231550,7584097825881807,-33.66,-12.36,-36.899998
1580793231591,7584097846879473,-33.0,-11.94,-36.059998
1580793231591,7584097867877139,-32.399998,-11.099999,-36.12
1580793231635,7584097888874739,-32.219997,-10.2,-35.76
1580793231636,7584097909872405,-32.88,-10.0199995,-34.32
1580793231676,7584097930836071,-32.52,-9.719999,-34.14
1580793231676,7584097951767104,-32.16,-9.3,-33.42
1580793231722,7584097972664804,-32.16,-9.059999,-33.0
1580793231722,7584097993529170,-31.14,-9.3,-32.76
1580793231722,7584098014360203,-30.48,-8.7,-31.92
1580793231754,7584098035157903,-31.26,-7.7999997,-31.439999
1580793231788,7584098055922269,-31.8,-7.08,-31.26
1580793231788,7584098076653302,-31.32,-7.08,-30.84
1580793231822,7584098097350935,-31.019999,-7.2599998,-30.06
1580793231822,7584098118015101,-30.84,-6.72,-30.84
1580793231862,7584098138645901,-30.539999,-6.2999997,-30.48
1580793231862,7584098159243334,-30.96,-6.18,-29.76
1580793231911,7584098179807434,-31.08,-6.18,-29.82
1580793231911,7584098200338134,-30.599998,-6.18,-29.4
1580793231958,7584098220835567,-30.359999,-5.4,-28.98
1580793231958,7584098241299667,-30.96,-4.68,-28.859999
1580793232010,7584098261730367,-31.019999,-4.56,-29.279999
1580793232010,7584098282127800,-30.42,-4.5,-28.98
1580793232010,7584098302491900,-30.3,-4.38,-28.5
1580793232054,7584098322822666,-30.0,-3.9599998,-28.38
1580793232054,7584098343120132,-30.179998,-3.3,-28.8
1580793232104,7584098363384265,-30.539999,-3.36,-28.32
1580793232104,7584098383615065,-30.359999,-3.4199998,-27.48
1580793232105,7584098403812531,-29.82,-3.12,-27.84
1580793232154,7584098423976664,-29.88,-2.52,-27.48
1580793232154,7584098444107464,-29.699999,-2.58,-27.119999
1580793232200,7584098464204997,-29.4,-2.46,-27.3
1580793232200,7584098484269130,-29.099998,-1.86,-27.72
1580793232255,7584098504299996,-28.859999,-1.4399999,-27.24
1580793232256,7584098524297529,-29.34,-1.3199999,-26.82
1580793232256,7584098544295662,-29.34,-1.38,-27.18
1580793232304,7584098564293128,-29.22,-0.96,-26.939999
1580793232304,7584098584290694,-29.4,-0.96,-27.18
1580793232304,7584098604288327,-29.519999,-0.35999998,-27.359999
1580793232346,7584098624319227,-29.699999,0.42,-26.58
1580793232346,7584098644383527,-29.88,0.12,-26.58
1580793232468,7584098664481160,-29.76,-0.06,-27.3
1580793232468,7584098684612060,-29.039999,0.9,-27.539999
1580793232468,7584098704776293,-29.279999,1.02,-27.42
1580793232468,7584098724973926,-29.699999,0.53999996,-27.18
1580793232468,7584098745204826,-29.039999,0.9,-27.9
1580793232493,7584098765469059,-28.8,1.26,-28.32
1580793232493,7584098785766625,-28.859999,1.62,-28.26
1580793232537,7584098806097525,-29.16,1.92,-28.019999
1580793232538,7584098826461758,-28.859999,2.82,-28.019999
1580793232577,7584098846859258,-28.019999,3.6599998,-28.74
1580793232577,7584098867290158,-27.779999,3.4199998,-29.099998
1580793232626,7584098887754391,-28.26,3.6599998,-29.88
1580793232627,7584098908251891,-28.26,4.02,-30.359999
1580793232666,7584098928748691,-27.72,4.3199997,-30.24
1580793232666,7584098949245524,-27.48,4.74,-30.779999
1580793232715,7584098969743090,-27.119999,4.98,-30.84
1580793232715,7584098990240590,-27.06,4.98,-30.359999
1580793232715,7584099010738156,-26.82,4.68,-31.199999
1580793232754,7584099031269056,-26.46,5.2799997,-32.219997
1580793232784,7584099051833222,-25.859999,6.3599997,-32.579998
1580793232784,7584099072396955,-25.14,6.96,-32.52
1580793232834,7584099092961188,-26.16,6.8399997,-32.579998
1580793232835,7584099113525421,-27.359999,7.14,-31.98
1580793232867,7584099134089587,-26.58,7.56,-30.9
1580793232867,7584099154653820,-25.619999,7.62,-31.199999
1580793232899,7584099175218020,-25.5,8.16,-32.82
1580793232899,7584099195782120,-25.199999,8.16,-33.66
1580793232928,7584099216379486,-25.26,8.7,-33.42
1580793232949,7584099236976919,-26.099998,9.48,-33.48
1580793232968,7584099257574285,-26.039999,9.42,-33.84
1580793232992,7584099278171651,-25.26,9.54,-34.079998
1580793233011,7584099298769084,-25.14,10.26,-34.079998
1580793233028,7584099319366450,-25.38,10.5,-34.739998
1580793233046,7584099339963816,-25.5,10.98,-35.219997
1580793233082,7584099360561249,-25.32,11.4,-35.28
1580793233100,7584099381158649,-25.199999,10.86,-35.579998
1580793233120,7584099401756049,-25.199999,10.5,-35.7
1580793233137,7584099422353515,-25.26,10.86,-36.18
1580793233161,7584099442917581,-25.019999,11.5199995,-37.32
1580793233181,7584099463481014,-24.24,11.88,-37.68
1580793233201,7584099484045147,-24.6,11.28,-37.079998
1580793233225,7584099504609213,-24.9,11.4,-37.38
1580793233247,7584099525173346,-24.48,11.759999,-37.8
1580793233274,7584099545738179,-24.06,11.58,-37.98
1580793233274,7584099566336279,-23.76,12.24,-38.34
1580793233298,7584099586966979,-24.359999,12.42,-39.18
1580793233326,7584099607631112,-24.359999,12.12,-39.96
1580793233361,7584099628328678,-24.539999,12.179999,-40.079998
1580793233361,7584099649026278,-25.08,11.88,-39.84
1580793233475,7584099669723978,-25.26,12.059999,-39.719997
1580793233475,7584099690455444,-25.32,12.719999,-39.719997
1580793233476,7584099711219810,-25.08,12.54,-39.42
1580793233476,7584099732017510,-25.019999,11.88,-39.6
1580793233476,7584099752848543,-24.84,11.4,-40.02
1580793233514,7584099773712909,-24.6,11.34,-41.1
1580793233514,7584099794610609,-24.72,11.34,-42.059998
1580793233662,7584099815541642,-25.56,11.28,-41.579998
1580793233662,7584099836472675,-25.859999,11.04,-41.34
1580793233662,7584099857403708,-25.08,11.28,-42.3
1580793233662,7584099878334741,-24.779999,10.92,-42.48
1580793233662,7584099899265774,-25.019999,10.5,-42.6
1580793233662,7584099920162774,-25.619999,10.26,-43.5
1580793233662,7584099941026440,-25.859999,9.54,-43.86
1580793233714,7584099961857473,-25.439999,9.42,-43.86
1580793233714,7584099982655173,-25.32,9.179999,-43.44
1580793233714,7584100003419506,-26.099998,9.179999,-43.98
1580793233785,7584100024150506,-25.74,9.36,-44.399998
1580793233786,7584100044848172,-25.14,9.059999,-44.7
1580793233786,7584100065545905,-24.96,9.179999,-45.48
1580793233827,7584100086210971,-24.779999,9.42,-45.059998
1580793233827,7584100106842004,-25.08,8.94,-45.719997
1580793233828,7584100127439770,-25.14,8.76,-47.219997
1580793233867,7584100148004136,-24.779999,9.179999,-47.219997
1580793233901,7584100168568502,-24.18,8.76,-46.5
1580793233901,7584100189099602,-24.42,8.76,-47.34
1580793233940,7584100209630702,-24.84,9.12,-48.12
1580793233941,7584100230161702,-24.84,9.059999,-48.539997
1580793233987,7584100250692602,-25.08,8.7,-49.079998
1580793233987,7584100271223468,-25.26,8.58,-48.719997
1580793234038,7584100291754234,-25.26,9.3,-48.719997
1580793234038,7584100312285000,-25.14,9.719999,-48.6
1580793234039,7584100332815766,-24.119999,9.599999,-48.539997
1580793234078,7584100353346466,-23.82,8.5199995,-49.26
1580793234127,7584100373877232,-23.82,7.56,-49.92
1580793234127,7584100394407998,-23.34,7.56,-50.039997
1580793234127,7584100414938698,-24.24,7.14,-49.8
1580793234179,7584100435469464,-24.72,7.2,-49.739998
1580793234179,7584100456000164,-24.779999,7.2599998,-50.039997
1580793234223,7584100476530864,-24.72,7.2599998,-50.039997
1580793234224,7584100497028330,-24.9,6.8999996,-49.8
1580793234279,7584100517525796,-25.199999,5.8199997,-49.98
1580793234279,7584100538057229,-24.539999,5.3399997,-51.059998
1580793234279,7584100558622062,-24.48,4.7999997,-50.82
1580793234332,7584100579219462,-24.779999,4.5,-50.399998
1580793234332,7584100599850195,-25.26,4.08,-50.76
1580793234332,7584100620514328,-25.74,4.02,-50.46
1580793234374,7584100641211728,-25.74,4.2,-50.64
1580793234374,7584100661942461,-25.439999,3.84,-51.239998
1580793234392,7584100682706527,-25.38,3.4199998,-51.36
1580793234534,7584100703503960,-25.619999,2.82,-51.12
1580793234534,7584100724334793,-25.92,2.22,-51.42
1580793234535,7584100745198959,-26.039999,1.74,-51.719997
1580793234535,7584100766096459,-26.099998,1.56,-51.239998
1580793234535,7584100787027292,-26.82,1.0799999,-51.48
1580793234535,7584100807991458,-27.539999,-0.06,-51.84
1580793234580,7584100828955558,-28.14,-1.26,-51.42
1580793234580,7584100849919724,-28.5,-1.68,-51.12
1580793234628,7584100870883890,-28.98,-1.1999999,-51.0
1580793234628,7584100891847990,-29.46,-1.1999999,-50.82
1580793234628,7584100912811456,-29.039999,-2.04,-50.46
1580793234669,7584100933741589,-28.8,-3.24,-50.28
1580793234670,7584100954639022,-29.4,-4.2,-51.059998
1580793234712,7584100975503188,-29.64,-4.92,-50.52
1580793234713,7584100996334021,-29.58,-5.8199997,-48.899998
1580793234756,7584101017131521,-29.82,-6.66,-48.899998
1580793234756,7584101037895687,-29.699999,-7.2599998,-49.44
1580793234787,7584101058626520,-29.82,-7.62,-49.02
1580793234787,7584101079324086,-30.0,-7.9199996,-49.079998
1580793234810,7584101099988252,-29.519999,-8.46,-49.14
1580793234843,7584101120652418,-29.58,-9.12,-49.44
1580793234843,7584101141283251,-29.039999,-9.599999,-49.32
1580793234879,7584101161880817,-28.8,-10.0199995,-49.02
1580793234915,7584101182444983,-28.74,-9.96,-49.32
1580793234915,7584101202975883,-28.32,-10.0199995,-48.96
1580793234952,7584101223473449,-28.439999,-10.38,-48.12
1580793234952,7584101243937615,-28.74,-10.679999,-48.0
1580793234992,7584101264368515,-28.619999,-11.34,-48.12
1580793234994,7584101284766081,-28.68,-11.759999,-48.18
1580793235051,7584101305130314,-29.279999,-11.7,-48.0
1580793235051,7584101325461147,-29.22,-12.0,-47.28
1580793235051,7584101345758580,-29.519999,-12.719999,-46.86
1580793235098,7584101366022680,-29.64,-13.679999,-46.5
1580793235098,7584101386253513,-29.099998,-13.98,-46.02
1580793235143,7584101406450946,-28.619999,-14.58,-45.42
1580793235143,7584101426615046,-28.199999,-14.7,-45.42
1580793235143,7584101446745879,-28.32,-14.28,-44.879997
1580793235194,7584101466843312,-29.099998,-14.639999,-44.28
1580793235194,7584101486907412,-29.34,-15.12,-44.219997
1580793235236,7584101506938245,-29.64,-15.24,-43.5
1580793235236,7584101526936445,-29.46,-14.46,-43.079998
1580793235282,7584101546934611,-28.38,-14.58,-42.66
1580793235282,7584101566932144,-28.38,-15.179999,-42.059998
1580793235327,7584101586929677,-28.8,-15.66,-41.52
1580793235327,7584101606927143,-28.5,-16.32,-41.16
1580793235366,7584101626924609,-28.98,-16.32,-40.559998
1580793235366,7584101646922142,-28.92,-15.66,-40.14
1580793235366,7584101666919675,-27.84,-15.24,-40.14
1580793235387,7584101686917141,-28.56,-16.08,-39.36
1580793235514,7584101706914674,-28.5,-15.719999,-38.28
1580793235514,7584101726912174,-28.14,-14.94,-37.2
1580793235514,7584101746909640,-28.14,-14.5199995,-36.36
1580793235514,7584101766907206,-28.08,-13.86,-36.42
1580793235515,7584101786904906,-28.98,-14.5199995,-36.12
1580793235515,7584101806902639,-29.039999,-14.88,-35.399998
1580793235554,7584101826900372,-29.039999,-14.5199995,-34.98
1580793235554,7584101846898238,-29.46,-14.4,-34.2
1580793235596,7584101866896104,-29.82,-14.639999,-33.6
1580793235596,7584101886893970,-30.0,-14.5199995,-33.36
1580793235640,7584101906891770,-28.98,-14.28,-32.82
1580793235640,7584101926889636,-28.5,-14.82,-32.46
1580793235685,7584101946886802,-28.92,-15.0,-32.28
1580793235686,7584101966884602,-29.039999,-13.92,-31.74
1580793235686,7584101986882402,-29.039999,-13.92,-31.32
1580793235718,7584102006880268,-29.099998,-14.759999,-30.599998
1580793235758,7584102026911468,-29.76,-14.7,-29.939999
1580793235758,7584102046975934,-29.76,-15.36,-29.34
1580793235785,7584102067073800,-30.0,-15.9,-28.98
1580793235785,7584102087204933,-29.4,-15.179999,-29.4
1580793235812,7584102107336066,-28.14,-15.24,-28.859999
1580793235837,7584102127467199,-28.14,-15.66,-28.019999
1580793235872,7584102147598365,-28.199999,-14.88,-27.84
1580793235872,7584102167729465,-28.32,-15.179999,-26.939999
1580793235920,7584102187860598,-28.32,-15.599999,-26.34
1580793235920,7584102207991798,-28.08,-15.179999,-26.22
1580793235958,7584102228122998,-27.9,-14.88,-26.039999
1580793235958,7584102248254131,-27.66,-15.299999,-26.039999
1580793235999,7584102268385264,-27.48,-15.719999,-26.099998
1580793235999,7584102288516464,-27.06,-15.179999,-26.039999
1580793236050,7584102308647597,-27.119999,-14.34,-25.439999
1580793236050,7584102328778730,-27.0,-14.34,-25.32
1580793236050,7584102348909896,-26.4,-14.7,-25.019999
1580793236095,7584102369040962,-26.64,-14.58,-25.019999
1580793236095,7584102389171895,-27.18,-14.16,-25.26
1580793236135,7584102409302795,-27.119999,-14.04,-25.199999
1580793236135,7584102429433695,-26.4,-13.44,-24.66
1580793236178,7584102449564461,-26.22,-12.84,-24.119999
1580793236178,7584102469695227,-27.06,-13.08,-24.42
1580793236227,7584102489825993,-27.0,-12.9,-23.88
1580793236227,7584102509956826,-26.699999,-12.48,-23.46
1580793236228,7584102530087592,-26.699999,-12.36,-22.56
1580793236273,7584102550219058,-26.939999,-12.84,-22.02
1580793236273,7584102570349891,-26.88,-12.719999,-22.38
1580793236321,7584102590480691,-26.699999,-12.66,-22.14
1580793236321,7584102610611491,-26.64,-12.66,-21.359999
1580793236364,7584102630742291,-26.519999,-12.12,-20.939999
1580793236364,7584102650873157,-26.46,-11.759999,-21.72
1580793236457,7584102671003957,-26.58,-11.04,-21.84
1580793236458,7584102691134823,-26.82,-10.92,-20.699999
1580793236458,7584102711298956,-26.76,-10.98,-19.439999
1580793236458,7584102731496422,-26.4,-10.5,-19.26
1580793236458,7584102751727222,-26.64,-9.96,-20.1
1580793236483,7584102771991355,-26.64,-9.3,-19.98
1580793236523,7584102792288788,-26.46,-9.719999,-19.439999
1580793236523,7584102812619554,-26.82,-10.0199995,-19.14
1580793236567,7584102832983620,-26.58,-9.42,-18.6
1580793236567,7584102853381186,-26.58,-8.94,-19.14
1580793236614,7584102873812152,-26.82,-8.639999,-19.56
1580793236614,7584102894276452,-26.279999,-8.22,-19.5
1580793236666,7584102914740185,-25.619999,-7.44,-19.14
1580793236666,7584102935203918,-25.92,-7.08,-18.72
1580793236666,7584102955667651,-25.5,-6.8399997,-18.84
1580793236827,7584102976165351,-25.32,-6.24,-18.84
1580793236827,7584102996663117,-25.8,-6.72,-18.6
1580793236827,7584103017160883,-25.74,-7.2,-18.779999
1580793236827,7584103037658583,-25.56,-6.18,-18.96
1580793236827,7584103058156349,-25.32,-5.7599998,-18.779999
1580793236827,7584103078654115,-25.26,-5.94,-18.66
1580793236827,7584103099151881,-25.56,-5.46,-18.42
1580793236827,7584103119649581,-25.8,-5.1,-18.48
1580793236868,7584103140147347,-25.619999,-4.7999997,-18.06
1580793236868,7584103160645113,-25.439999,-4.56,-18.24
1580793236888,7584103181142813,-25.5,-4.2599998,-19.08
